id,name,scaffold,length,design_notes,seq
1,sfGFP_完整,sfGFP,238,"Round 1 baseline, sfGFP 完整 11 突变已含",MSKGEELFTGVVPILVELDGDVNGHKFSVRGEGEGDATNGKLTLKFICTTGKLPVPWPTLVTTLTYGVQCFSRYPDHMKRHDFFKSAMPEGYVQERTISFKDDGTYKTRAEVKFEGDTLVNRIELKGIDFKEDGNILGHKLEYNFNSHNVYITADKQKNGIKANFKIRHNVEDGSVQLADHYQQNTPIGDGPVLLPDNHYLSTQSVLSKDPNEKRDHMVLLEFVTAAGITHGMDELYK
2,sfGFP+TGP_稳定核心,sfGFP,238,sfGFP 完整 + TGP 稳定核心 A53S/T59P/V60A/T82A,MSKGEELFTGVVPILVELDGDVNGHKFSVRGEGEGDATNGKLTLKFICTTGKSPVPWPPAVTTLTYGVQCFSRYPDHMKRHAFFKSAMPEGYVQERTISFKDDGTYKTRAEVKFEGDTLVNRIELKGIDFKEDGNILGHKLEYNFNSHNVYITADKQKNGIKANFKIRHNVEDGSVQLADHYQQNTPIGDGPVLLPDNHYLSTQSVLSKDPNEKRDHMVLLEFVTAAGITHGMDELYK
3,avGFP+sfGFP完整+TGP稳定,avGFP,238,avGFP + sfGFP 11 突变 + TGP 4 稳定核心 (共 15 突变),MSKGEELFTGVVPILVELDGDVNGHKFSVRGEGEGDATNGKLTLKFICTTGKSPVPWPPAVTTLTYGVQCFSRYPDHMKQHAFFKSAMPEGYVQERTISFKDDGTYKTRAEVKFEGDTLVNRIELKGIDFKEDGNILGHKLEYNFNSHNVYITADKQKNGIKANFKIRHNVEDGSVQLADHYQQNTPIGDGPVLLPDNHYLSTQSVLSKDPNEKRDHMVLLEFVTAAGITHGMDELYK
4,amacGFP+sfGFP风格+TGP稳定,amacGFP,238,amacGFP + S65T/V99S/M153T/I166T/S30R/I171V/A206V + TGP 4 稳定核心,MSKGEELFTGIVPVLIELDGDVHGHKFSVRGEGEGDADYGKLEIKFICTTGKSPVPWPPAVTTLTYGILCFARYPEHMKMNAFFKSAMPEGYIQERTISFQDDGKYKTRGEVKFEGDTLVNRIELKGMDFKEDGNILGHKLEYNFNSHNVYITPDKANNGLKVNFTIRHNVEGGGVQLADHYQTNVPLGDGPVLIPINHYLSCQTVISKDRNETRDHMVFLEFFSACGHTHGMDELYK
5,ppluGFP_原始,ppluGFP,222,"ppluGFP WT (Tm ~78°C, 高 baseline brightness 4.23)",MPAMKIECRITGTLNGVEFELVGGGEGTPEQGRMTNKMKSTKGALTFSPYLLSHVMGYGFYHFGTYPSGYENPFLHAINNGGYTNTRIEKYEDGGVLHVSFSYRYEAGRVIGDFKVVGTGFPEDSVIFTDKIIRSNATVEHLHPMGDNVLVGSFARTFSLRDGGYYSFVVDSHMHFKSAIHPSILQNGGPMFAFRRVEELHSNTELGIVEYQHAFKTPIAFA
6,avGFP+sfGFP完整+TGP_全面增强,avGFP,238,avGFP + sfGFP 11 突变 + TGP 4 稳定核心 + TGP 5 表面 E 突变 (共 20 突变),MSKGEELFTGVVPILVELDGDVNGHKFSVRGEGEGDATNGKLTLEFICTTGKSPVPWPPAVTTLTYGVQCFSEYPDHMKQHAFFKSAMPEGYVQERTISFKDDGTYKTRAEVKFEGETLVNRIELKGIDFKEDGNILGHKLEYNFNSHEVYITADKQENGIKANFKIRHNVEDGSVQLADHYQQNTPIGDGPVLLPDNHYLSTQSVLSKDPNEKRDHMVLLEFVTAAGITHGMDELYK
7,avGFP+sfGFP_5核心+TGP稳定,avGFP,238,avGFP + sfGFP 5 折叠报告子核心 + TGP 4 稳定核心 (共 9 突变),MSKGEELFTGVVPILVELDGDVNGHKFSVSGEGEGDATYGKLTLKFICTTGKSPVPWPPAVTTLTYGVQCFSRYPDHMKQHAFFKSAMPEGYVQERTISFKDDGNYKTRAEVKFEGDTLVNRIELKGIDFKEDGNILGHKLEYNYNSHNVYITADKQKNGIKANFKIRHNIEDGSVQLADHYQQNTPIGDGPVLLPDNHYLSTQSALSKDPNEKRDHMVLLEFVTAAGITHGMDELYK
8,cgreGFP_原始,cgreGFP,235,cgreGFP WT (高 baseline brightness 4.50),MTALTEGAKLFEKEIPYITELEGDVEGMKFIIKGEGTGDATTGTIKAKYICTTGDLPVPWATILSSLSYGVFCFAKYPRHIADFFKSTQPDGYSQDRIISFDNDGQYDVKAKVTYENGTLYNRVTVKGTGFKSNGNILGMRVLYHSPPHAVYILPDRKNGGMKIEYNKAFDVMGGGHQMARHAQFNKPLGAWEEDYPLYHHLTVWTSFGKDPDDDETDHLTIVEVIKAVDLETYR
9,cgreGFP+S65T+K163A,cgreGFP,235,cgreGFP + S65T + K163A (sfGFP 风格核心 2 突变),MTALTEGAKLFEKEIPYITELEGDVEGMKFIIKGEGTGDATTGTIKAKYICTTGDLPVPWATILTSLSYGVFCFAKYPRHIADFFKSTQPDGYSQDRIISFDNDGQYDVKAKVTYENGTLYNRVTVKGTGFKSNGNILGMRVLYHSPPHAVYILPDRKNGGMAIEYNKAFDVMGGGHQMARHAQFNKPLGAWEEDYPLYHHLTVWTSFGKDPDDDETDHLTIVEVIKAVDLETYR
11,avGFP+sfGFP_5核心+I152S,avGFP,238,avGFP + sfGFP 5 折叠核心 + I152S (Round 1 关键),MSKGEELFTGVVPILVELDGDVNGHKFSVSGEGEGDATYGKLTLKFICTTGKLPVPWPTLVTTLTYGVQCFSRYPDHMKQHDFFKSAMPEGYVQERTISFKDDGNYKTRAEVKFEGDTLVNRIELKGIDFKEDGNILGHKLEYNYNSHNVYSTADKQKNGIKANFKIRHNIEDGSVQLADHYQQNTPIGDGPVLLPDNHYLSTQSALSKDPNEKRDHMVLLEFVTAAGITHGMDELYK
12,ppluGFP+L199H,ppluGFP,222,ppluGFP + L199H (数据 hot mutation),MPAMKIECRITGTLNGVEFELVGGGEGTPEQGRMTNKMKSTKGALTFSPYLLSHVMGYGFYHFGTYPSGYENPFLHAINNGGYTNTRIEKYEDGGVLHVSFSYRYEAGRVIGDFKVVGTGFPEDSVIFTDKIIRSNATVEHLHPMGDNVLVGSFARTFSLRDGGYYSFVVDSHMHFKSAIHPSILQNGGPMFAFRRVEHLHSNTELGIVEYQHAFKTPIAFA
